{
  "metrics": {
    "rmse": 30050.20597976584,
    "mae": 17304.33595253968,
    "r2": 0.8822716459463971,
    "mape": 10.26462089236491
  },
  "best_hyperparameters": {
    "max_iter": 310,
    "max_depth": 10,
    "learning_rate": 0.13962977241781424,
    "min_samples_leaf": 20,
    "l2_regularization": 0.04890572774805789,
    "max_bins": 53,
    "random_state": 42
  },
  "dataset_info": {
    "n_train": 1168,
    "n_val": 292,
    "n_features": 83
  },
  "timestamp": "2025-12-24T12:08:57.146372",
  "model_type": "HistGradientBoostingRegressor",
  "tuning_method": "Optuna",
  "cv_folds": 5,
  "n_trials": 30
}